source_file,title,authors,year,program,adviser,keywords
factors-affecting-comprehension-bachelor-science-office-2023.pdf,FACTORS AFFECTING THE COMPREHENSION OF BACHELOR OF SCIENCE IN OFFICE ADMINISTRATION STUDENTS IN SHORTHAND AT CAMARINES SUR POLYTECHNIC COLLEGES,"Baesa, Mary Angelica B.; Dacara, April Nicole B.; Jazarino, Bernadette D.",2023,BSOA,"Alyssa D. Lagatic, Mbm",
impact-blended-learning-strategy-learning-experiences-2023.pdf,"IMPACT OF THE BLENDED LEARNING STRATEGY ON THE LEARNING EXPERIENCES AMONG STUDENT NURSES OF CAMARINES SUR POLYTECHNIC COLLEGES, NABUA CAMARINES SUR",Kriz Pauline O. Broqueza; Jillian Franz J. Buenaflor; Alliah Seth G. Israel; Rialyn P. Pontillas,2023,BSN,"Leni M. Malabanan, Ph.D.N.Ed",
competence-level-basic-life-support-bls-2023.pdf,"COMPETENCE LEVEL ON BASIC LIFE SUPPORT (BLS) OF THE FACULTY OF THE COLLEGE OF HEALTH SCIENCES OF CAMARINES SUR POLYTECHNIC COLLEGES, NABUA, CAMARINES SUR",Vina Dominique P. Batacan; Julia Therese P. Blasco; Kirstine Jannyflor L. Reyes; Garry Claire P. Trajano,2023,BSN,,
effect-time-management-study-habits-academic-2023.pdf,THE EFFECT OF TIME MANAGEMENT AND STUDY HABITS ON ACADEMIC PERFORMANCE OF LEVEL III NURSING STUDENTS OF CAMARINES SUR POLYTECHNIC COLLEGES,Aidaline P. Ailes; Rie Nicole R. Roman; Alonah Ednajhen M. Rivera,2023,BSN,,
rhetorical-analysis-inaugural-addresses-selected-philippine-2024.pdf,RHETORICAL ANALYSIS OF INAUGURAL ADDRESSES OF SELECTED PHILIPPINE PRESIDENTS,Marian Bea Gonowon; Joyce Anne Bandola; Joeprey Toledo,2024,ABELS,"Janessa Angustia M. Malaya, Maed",
illocutionary-speech-act-analysis-selected-songs-2024.pdf,ILLOCUTIONARY SPEECH ACT ANALYSIS OF SELECTED SONGS OF GLOC 9,Jessalyn B. Badinas; Nicole D. Capistrano; Ma. Angeline B. Villar,2024,ABELS,"Elsa B. Regalado, MATL",
selected-winning-poetry-69th-carlos-palanca-2024.pdf,SELECTED WINNING POETRY OF THE 69TH CARLOS PALANCA AWARDS: A STYLISTIC ANALYSIS,Krizza Mae S. Bucad; Mitz O. Mayor; Ailene S. Racines,2024,ABELS,"Marlon S. Pontillas, PhD",
corpus-based-pragmatic-analysis-internet-political-buzzwords-2024.pdf,A CORPUS-BASED PRAGMATIC ANALYSIS OF INTERNET POLITICAL BUZZWORDS FROM THE 2023 BARANGAY AND SANGGUNIANG KABATAAN ELECTIONS,Chelsea Dyanne Concepcion; Angelo H. Tumbado; Nica Lesly M. Villar,2024,ABELS,"Benedic V. Baluyot, MAEd",
anatomizing-taylor-swift-s-1989-taylor-2024.pdf,ANATOMIZING TAYLOR SWIFT’S ‘1989 (TAYLOR’S VERSION)’ ALBUM,Leizl V. Bagasbas; Sophia Ruby T. Cuadro; Earl Shaun Cartier V. Luares,2024,ABELS,"Dan Fereth B. Fajardo, MAEd",
red-pink-analyzing-political-shift-filipino-2024.pdf,FROM RED TO PINK: ANALYZING THE POLITICAL SHIFT OF A FILIPINO VOTER THROUGH POSITIONING ANALYSIS,Elizabeth Nicole O. Borja; Andrea Joy E. Gelit; Junnel A. Quanico,2024,ABELS,"Dr. Marlon S. Pontillas, PhD",
multimodal-analysis-safe-spaces-act-posters-2024.pdf,MULTIMODAL ANALYSIS OF THE SAFE SPACES ACT POSTERS ON 18-DAY CAMPAIGN TO END VIOLENCE AGAINST WOMEN (VAW),"Baloloy, Francia Joy S.; Ponteres, May Ann P.; Taburnal, Mary Chelsea O.",2024,ABELS,"Nel Francis Buena, MLL",
analyzing-gender-stereotypes-four-sisters-wedding-2024.pdf,ANALYZING GENDER STEREOTYPES IN THE ‘FOUR SISTERS AND A WEDDING’ MOVIE,Jhomel C. Embestro; Camille D. Regalado; Jhon Paul M. Verano,2024,ABELS,"Janessa Angustia M. Malaya, MAEd",
exploring-teaching-styles-intermediate-language-teachers-2024.pdf,EXPLORING TEACHING STYLES OF INTERMEDIATE LANGUAGE TEACHERS,"Daza, Christine Joy H.; Lasta, Reighn; Talangan, Honeymae M.",2024,ABELS,"Nel Francis B. Buena, MLL",
pragmatic-analysis-tiktok-users-comments-childfree-related-2025.pdf,A PRAGMATIC ANALYSIS OF TIKTOK USERS’ COMMENTS ON CHILDFREE-RELATED POSTS,Christine A. Nanale; Ma. Fatima R. Pili; Josef Jude C. Samantela,2025,ABELS,"Mr. Nel Francis Buena, MLL",
examining-illocutionary-acts-hunger-games-catching-2024.pdf,EXAMINING ILLOCUTIONARY ACTS IN ‘THE HUNGER GAMES: CATCHING FIRE (2013)’ MOVIE,"Embestro, Angelica D.; Laynesa, Justine D.; Niosco, Cristal Marie S.; Villagracia, Genny P.",2024,ABELS,"Janessa Angustia M. Malaya, MAEd",
ma-tomboy-po-ako-pa-bakla-2024.pdf,"“MA, TOMBOY PO AKO.” “PA, BAKLA PO AKO.”: A POSITIONING ANALYSIS OF FILIPINO HOMOSEXUAL EMERGING ADULTS ON PARENTAL REJECTION",Mark Angelo F. Awa; Jhim Christofel C. Barayoga; Joshua P. Magistrado,2024,ABELS,"Nel Francis B. Buena, MLL",
bicol-state-universities-college-websites-multimodal-2024.pdf,BICOL STATE UNIVERSITIES AND COLLEGE WEBSITES: A MULTIMODAL ANALYSIS,"Hallare, Hanna Mae B.; Odavar, Ginnielene N.; Tabornal, Mary Joy T.",2024,ABELS,"Elsa B. Regalado, MATL",
code-switching-employed-bicolano-vlog-content-creators-2024.pdf,CODE-SWITCHING EMPLOYED BY BICOLANO VLOG CONTENT CREATORS,Gemma P. Hernandez; Ma. Nicole Ann C. Parco; Dhiana Joy A. Priela,2024,ABELS,"Reu Amor A. Diga, Maeng",
rhetorical-analysis-environmental-activist-speech-2024.pdf,Rhetorical Analysis of Environmental Activist Speech,Mae Pauline Martirez; Maria Dimple Rebulado; Julius Cesar Salem,2024,ABELS,"Benedic V. Baluyot, MAEd",
associated-factors-tuberculosis-among-constituents-selected-2023.pdf,"ASSOCIATED FACTORS OF TUBERCULOSIS AMONG CONSTITUENTS IN SELECTED BARANGAYS OF NABUA, CAMARINES SUR",Jorelyn S. Arnaiz; Ma.Kiziah D. Mata; Mary Grace T. Regaspi,2023,BSN,,
awareness-expanded-newborn-screening-program-women-2024.pdf,"AWARENESS ON EXPANDED NEWBORN SCREENING PROGRAM OF WOMEN OF REPRODUCTIVE AGE IN BARANGAY BULUANG BAAO, CAMARINES SUR",Arianne Jean A. Blaza; Coleen Angelique Q. Montenegro; Franchezka S. Portacio; Sylvia Eloiza C. Ramizares; Mae Belle D. Surwez,2024,BSM,,
bato-farmland-geolocation-mapping-system-2023.pdf,BATO FARMLAND GEOLOCATION AND MAPPING SYSTEM,Junel R. Joven; Fernando P. Pasadilla; Julius M. Zaballa,2023,BSIT,,
behavioral-values-portrayed-student-nurses-camarines-2023.pdf,"BEHAVIORAL VALUES PORTRAYED BY THE STUDENT NURSES AT CAMARINES SUR POLYTECHNIC COLLEGES NABUA, CAMARINES SUR",Al Piolo V. Corporal; Kaye Eleanor C. Curtan; Fritz Anthony A. Ramos,2023,BSN,"Lorna N. Vibares, M.A.N.",
digital-initiatives-academic-libraries-challenges-benefits-2025.pdf,DIGITAL INITIATIVES IN ACADEMIC LIBRARIES: CHALLENGES AND BENEFITS ENCOUNTERED BY LIBRARIANS,Mary Grace V. Matucad; Junel Earl Clark P. Gorgonia; Allyson B. Divinasflores,2025,BLIS,,
awareness-knowledge-engineering-students-elsevier-knovel-2025.pdf,AWARENESS AND KNOWLEDGE OF ENGINEERING STUDENTS ON ELSEVIER KNOVEL ENGINEERING,Erna P. Cayab; Mary Grace C. Boris; Ma. Christina N. Cuarteros,2025,BLIS,,
planning-practices-challenges-academic-libraries-library-2025.pdf,PLANNING PRACTICES AND CHALLENGES OF ACADEMIC LIBRARIES IN LIBRARY RESOURCES AND SERVICES,Marielle Angielene O. Hona; Ma. Merlyn L. Fortuno; Jemboy P. Tataro,2025,BLIS,,
conservation-preservation-heritage-sites-ligao-city-2024.pdf,"CONSERVATION AND PRESERVATION OF HERITAGE SITES IN LIGAO CITY, ALBAY",Ma. Michaela C. Nagales; Mary Rose R. Neverio; Alexis B. Roncesvalles,2024,BSTM,"Theddah D. Nacional, Mba",
web-based-iriga-city-public-library-management-2023.pdf,WEB-BASED IRIGA CITY PUBLIC LIBRARY MANAGEMENT SYSTEM WITH QR TECHNOLOGY,Darren P. Camila; Alliyah Nicole A. Daban; Maria Erika C. Odiada,2023,BSIT,,
labbs-lamination-service-2023.pdf,LABBS LAMINATION SERVICE,Mariel Nicol; Frances Hanna B. Pardiñas; Mary Joy B. Reginales; Jay Ar A. Sentillas; Mark Daniel L. Tungcul,2023,BSENTREP,"Roque B. Cruz Ii, Mba",
plaab-s-snack-house-2023.pdf,PLAAB’s Snack House,Francis R.J. N. Albatana; Ma. Angelica C. Arcos; Brian G. Barandon; Jhonel M. Luhan; Jonalyn T. Paniterce,2023,BSENTREP,"Lalaine M. Lastrollo, Phd",
republic-phili-ppines-camarines-sur-polytechnic-2023.pdf,"Republic of the Phili ppines CAMARINES SUR POLYTECHNIC COLLEGES Nabua, Camarines Sur COLLEGE OF TOURISM, HOSPITALITY, AND BUSINESS MANAGEMENT Bachelor of Science in Entrepreneurship TOFU CORNER ENTERPRISE",Caryl Marc B. Balilla; Rachelle C. Hermilla; Christian Nick B. Lomeda; Rhonalyn A. Taduran; Ma. Salvacion J. Tesnado,2023,BSENTREP,,
some-parameters-generalized-hairy-cycle-its-2025.pdf,Some Parameters of Generalized Hairy Cycle and its Middle Graph,Irene S. Damot,2025,BS,Alex Ralph B. Nieva,
puwag-innovations-labologna-2024.pdf,PUWAG INNOVATIONS’ LABOLOGNA,"Dio, Janella Stephanie B.; Enrile, Nicha Angeline S.; Napucao, Jerome R.; Villamer, Ma. Erica Bench E.",2024,BSENTREP,"Roque B. Cruz Ii, Mba",
pnc-enterprise-2024.pdf,PNC ENTERPRISE,Jonedale Lyndon D. Audal; Nick B. Briones; Clarissa Edlor N. Marmol; Grachelle A. Mayor; Jeehan N. Pontillas; Charlene B. Sabinorio,2024,BSENTREP,,
j3m-s-snack-enterprise-2023.pdf,J3M’s SNACK ENTERPRISE,Mark Joseph B. Benosa; John Kenneth B. Buena; Mark G. Cornelio; Marsie T. Lordan; Edica Lysa D. Molave,2023,BSENTREP,"Roque B. Cruz Ii, Mba",
jl-delicacy-enterprise-2023.pdf,JL DELICACY ENTERPRISE,Christian Nhadzmer O. Badiola; Lemuel B. Ganalon; Jenly V. Luares; John V. Paraños; Jeffrey B. Rebulado; Job Exequil I. Talagtag,2023,BSENTREP,,
manganap-real-estate-web-application-sellers-2023.pdf,MANGANAP: A REAL ESTATE WEB APPLICATION FOR SELLERS AND BUYERS IN CAMARINES SUR,Jayson P. Bergado; Arian S. Bicaldo; Danica A. Jornala; Ma. Jyzelle B. Luzano; Tricia Mae Cathryl B. Roman,2023,BSENTREP,,
college-tourism-hospitality-business-management-bachelor-2024.pdf,*     COLLEGE OF TOURISM. HOSPITALITY. AND BUSINESS MANAGEMENT Bachelor of Science in Entrepreneurship FISH CRAVE,Relan S. Ani; Philip James D. Dino; Mark S. Montenegro; Bryan R. Navales; Anjelo P. Perpetua,2024,BSENTREP,,
priva-nibbles-2024.pdf,PRIVA NIBBLES,Niño S. Abliter; Justine T. Ibarreta; Angella Philline Y. Pantaleon; Clarisse F. Ramizares; Ralf O. Villamer,2024,BSENTREP,,
breadfruit-pasta-2024.pdf,BREADFRUIT PASTA,Ariela Mae C. Badiable; Kristine G. Gapasin; Jhasmine S. Segui,2024,BSHM,"April Mae L. Bantog, Maie",
squash-pizza-2023.pdf,SQUASH PIZZA,Ellahna Faye D. Ilano; Alnie O. Sasota; Kathleen Kaithe T. Toriente; Katherine M. Ventura,2023,BSHM,,
talong-cracklings-2024.pdf,TALONG CRACKLINGS,Jannelle C. Carilo; Monica Grace B. Francia; Justin Kenny L. Fulledo; Jessa Loraine V. Tabagan,2024,BSHM,,
winter-melon-buchi-2024.pdf,WINTER MELON BUCHI,Jenly A. Bermido; Sophia Simoune M. Buenaventura; Kim Allyson N. Manaog; Angeline C. Panizal,2024,BSHM,,
chayote-jam-by-products-2024.pdf,CHAYOTE JAM BY- PRODUCTS,Christine C. Begata; Irene M. Baso; Ernesto S. Buena Jr.; John Paul D. Asay,2024,BSHM,"Michelle L. Junio, Edd",
peanut-pie-2023.pdf,PEANUT PIE,Mae Princess F. Bolivar; Tricia Mae M. Christy; Lysa Mae P. Lagyap; Mary Antonette A. Malco,2023,BSHM,,
pili-pulp-candy-bar-2024.pdf,PILI PULP CANDY BAR,Precious Ann F. Bagayawa; Cristine Joy L. Beriña; Joshua P. Deniña; Joanne E. Parcero,2024,BSHM,,
papaya-by-products-2024.pdf,PAPAYA BY-PRODUCTS,Jaira Rizza B. Beltran Yu; Mark Banjo B. Buena; Iris Diane P. Paz,2024,BSHM,,
pili-pulp-by-products-2023.pdf,PILI PULP BY-PRODUCTS,Jefferson C. Boto; John Eric C. Camu; April Jane I. Corbilla; Jamie Mikaela G. Dalagan; Tya Guiseppe Ocmer,2023,BSHM,"Maruja C. Carilo, Phd",
taro-tart-desiccated-coconut-2024.pdf,TARO TART WITH DESICCATED COCONUT,Jhenrie Anne B. Buban; Han Ingred O. Galicia; John Loyd F. Umali,2024,BSHM,,
flavored-cassava-hopia-2024.pdf,FLAVORED CASSAVA HOPIA,John Z. Pelaez; Gerwin A. Oronan; Bryan M. Albia,2024,BSHM,"Jay Christian M. Fajardo, Mba",
lubi-lubi-chips-2023.pdf,LUBI-LUBI CHIPS,Ryan C. Barbosa; Rusela R. Elpedes; Kressia I. Espinola; Jeffrey G. Felices,2023,BSHM,"Norel Peter M. Illo, Phd",
market-acceptability-production-entrepreneurial-development-services-2024.pdf,MARKET ACCEPTABILITY OF PRODUCTION AND ENTREPRENEURIAL DEVELOPMENT SERVICES AT CAMARINES SUR POLYTECHNIC COLLEGES,Dinnah M. Flores; Gezele Ann L. Modino; Janile O. Pal,2024,BSHM,,
pannacotta-by-products-2024.pdf,PANNACOTTA BY-PRODUCTS,Christine S. Baldoza; Keith Angelyn B. Bondad; Shaft Andrew F. Jardinel,2024,BSHM,,
red-mung-bean-by-product-2024.pdf,RED MUNG BEAN BY-PRODUCT,Mary Kay Yanlou D. Solera; Aniza N. Balbuena; Ma. Irish B. Valenzuela; Kristine Joy Vargas,2024,BSHM,,
winter-melon-pili-candy-2023.pdf,WINTER MELON PILI CANDY,Christine S. Barrameda; Angelica P. Bitonio; Jonathan B. Reyta,2023,BSHM,"Michelle M. Lomeda-Junio, Edd",
rice-puto-dinuguan-fillings-2023.pdf,RICE PUTO WITH DINUGUAN FILLINGS,Rowel Q. Bobis; Jhoan G. Ibias; Vanessa Dayne L. Luzon; Renalen P. Nolasco,2023,BSHM,"Michelle M. Lomeda-Junio,Edd",
tulingan-by-products-2024.pdf,TULINGAN BY-PRODUCTS,"Olos, John Paul S.; Pantaleon, Paolo G.; Sibayan, Jerry Jr. T.",2024,BSHM,,
safety-security-management-practices-resorts-iriga-2023.pdf,SAFETY AND SECURITY MANAGEMENT PRACTICES OF RESORTS IN IRIGA CITY,Ivieh C. Quiroga; Marielle Ann P. Obrero; Maryrose B. Braga; Tiffany C. Mirando,2023,BSHM,,
taro-ice-cream-2023.pdf,TARO ICE CREAM,Llyle Adrien Maurice A. Batacan; Nica Joy Bermido; Vanessa L. Nava; Krystal Gale B. Regala,2023,BSHM,,
guest-satisfaction-airbnb-rinconada-area-2023.pdf,THE GUEST SATISFACTION OF AIRBNB IN RINCONADA AREA,Jolina A. Cascante; Daisy Rose A. Guevara; Messy R. Madrid; Lezly B. Sanchez,2023,BSHM,"Mark Anthony L. Orobia, Mbm",
packaging-ready-to-eat-santol-dish-2024.pdf,PACKAGING READY TO-EAT- SANTOL DISH,Darilyn V. Ayen; Giovanne D. Enrile,2024,BSHM,,
root-crops-tart-2024.pdf,ROOT CROPS TART,"Babol, Jero Bernard A.; Cabaltera, Brian Jasper O.; Naldo, Marie France A.",2024,BSHM,,
level-acceptability-golden-apple-snail-by-products-2023.pdf,LEVEL OF ACCEPTABILITY OF GOLDEN APPLE SNAIL BY-PRODUCTS,John Franco B. Duran; Angelo R. Jardinel; Reivenn Aris P. Pacardo; Melan T. Villamer,2023,BSHM,,
camote-ube-puto-developmental-study-2024.pdf,CAMOTE-UBE PUTO: A DEVELOPMENTAL STUDY,Kimberly S. Baso; Ma. Bianca C. Monte; Felix I. Oaquiera Jr.,2024,BSHM,,
customer-satisfaction-servicescape-hotels-naga-city-2024.pdf,CUSTOMER SATISFACTION ON THE SERVICESCAPE OF HOTELS IN NAGA CITY,Samantha R. Coralde; Yvonne T. Manaog; Anne Melgie M. Vergara,2024,BSHM,"Norel Peter M. Illo, Phd",
breadfruit-dumplings-2024.pdf,BREADFRUIT DUMPLINGS,April Rose P. Belono; Maria Joy R. Bermundo; Meca Jelian M. Cornelio,2024,BSHM,,
molido-by-products-2024.pdf,MOLIDO BY-PRODUCTS,Lady S. Delos Santos; Lyka C. Dipacula; Alyn D. Dizon; Danica M. Garay,2024,BSHM,,
squash-by-products-2024.pdf,SQUASH BY-PRODUCTS,Maiden Eve I. Cepe; Sharlyn I. Ferrer; Dennis L. Villareal,2024,BSHM,,
banana-cheese-tart-2024.pdf,BANANA CHEESE TART,Mark Gerald V. Albar; Chris John B. Quintino; Jivhea M. Royales; Kristine Joy V. Sarto,2024,BSHM,"April Mae L. Bantog, Maie",
factors-affecting-customer-dining-experiences-selected-2024.pdf,FACTORS AFFECTING CUSTOMER DINING EXPERIENCES IN SELECTED ETHNIC RESTAURANTS,Sharmaine B. Bon; Michelle L. Misola; Julia Mae C. Solosa,2024,BSHM,"Jessa C. Brioso, Mihtm",
mamvoron-2024.pdf,MAMVORON,Jason B. Esplana; Jerelyn M. Talagtag; Nephi V. Vargas; Giovanni D. Enrile,2024,BSHM,,
vegan-ice-cream-2024.pdf,VEGAN ICE-CREAM,Anthony L. Climaco; Christian D. Gonzaga; Denise Jilma Vi L. Sanin,2024,BSHM,"Cristina R. Follosco, Mbm",
development-acceptability-calamansi-crinkles-2024.pdf,DEVELOPMENT AND ACCEPTABILITY OF CALAMANSI CRINKLES,"Barra, Jehanne Gwyn; Espinas, Eric; Quitevis, Giovanni Froi; Soribillo, Gilbert",2024,BSHM,"Michelle L. Junio, Edd",
acceptability-kamias-averrhoa-bilimbi-powder-2023.pdf,ACCEPTABILITY OF KAMIAS (AVERRHOA BILIMBI) POWDER,Joshua N. Gabrillo; Sharmaigne Rose D. Ramos; Hannah Joy M. Samson; Hannah Ruth S. Sarto,2023,BSHM,"Angelica P. Regondola, Phd",
honey-ginger-ice-cream-2023.pdf,HONEY GINGER ICE CREAM,"Bato-On, Rosemarie B.; Casulla, Angelica May D.; Ragual, Danica Lili Yvette B.; Relato, Shiela S.",2023,BSHM,,
squash-bread-by-product-2024.pdf,SQUASH BREAD BY-PRODUCT,Marian Mae T. Casaul; Grace T. Bergado; Jonna Mae D. Clerigo,2024,BSHM,,
level-palatability-acceptability-pako-giardiniera-2023.pdf,THE LEVEL OF PALATABILITY AND ACCEPTABILITY OF PAKO GIARDINIERA,Aron Noah B. Amaro; Maria Reygie S. Caballero; Angel E. Del Pilar; Antonette D. Nonato; John Paul M. Occiano,2023,BSHM,,
tofu-banana-blossom-nuggets-2023.pdf,TOFU AND BANANA BLOSSOM NUGGETS,Rica Mae G. Agato; Jonna Fae A. Elcano; Christine Rose D. Tipones; Mary Margaret M. Togores,2023,BSHM,,
service-quality-catering-service-buhi-2023.pdf,SERVICE QUALITY OF CATERING SERVICE IN BUHI,Regine P. Flores; Mary Bernadette V. Pajenago; Kaye Ann E. Roncesvalles; Anamarie C. Vargas,2023,BSHM,,
marketing-tools-strategies-casual-dining-restaurants-2023.pdf,"“MARKETING TOOLS AND STRATEGIES OF CASUAL DINING RESTAURANTS IN BAAO, CAMARINES SUR""",Franz Danica A. Añonuevo; Rica Mae E. Botor; Rochel A. De Torres; Jaro Kishien B. Sinfuego,2023,BSHM,"Roque B. Cruz Ii, Mba",
sitaw-cracklings-2024.pdf,“SITAW CRACKLINGS”,Ma. Donna C. Constante; Trisha Mae L. Arbo; John Patrick G. Bucad; Diana Angela Y. Buquiron,2024,BSHM,,
colllege-tourism-hospitality-business-management-bachelor-2024.pdf,"COLLLEGE OF TOURISM, HOSPITALITY, AND BUSINESS MANAGEMENT Bachelor of Science in Hospitality Management CLAMS BY-PRODUCTS",Bil Conrad D. Mendoza; Joemarie Laynesa; Jhecell S. Fenis; Jonnavel B. Contrata,2024,BSHM,,
jackfruit-piaya-2024.pdf,JACKFRUIT PIAYA,Althea T. Asor; Angelo S. Saulan; Kyla B. Vargas,2024,BSHM,"Jay Christian M. Fajardo, Mba",
san-miguel-nabua-camarines-sur-college-2023.pdf,"San Miguel, Nabua, Camarines Sur COLLEGE OF TOURISM, HOSPITALITY AND BUSINESS MANAGEMENT Bachelor of Science in Hospitality Management PILI PULP CHIPS",John Arman A. Dela Marquez; Veronica N. Oliveros; Glynn Francois D. Peñales; Joseph Edward T. Rojales; Kathleen Joy Talangan,2023,BSHM,,
taro-delicacies-2023.pdf,TARO DELICACIES,Edilyn D. De Villa; Maria Jellaine P. Pornalisa; Catherine Z. Sumayo; Eliza Marielle A. Tapiador,2023,BSHM,"Michelle M. Lomeda - Junio, Edd",
taro-smidgets-2023.pdf,TARO SMIDGETS,Jonerie Ivan T. Aballa; John Lloyd O. Llagas; Nicko Francis A. Manayon; Jay S. Soliman,2023,BSHM,"Mark Anthony Orobia, Mbm",
customer-satisfaction-coffee-shops-iriga-city-2024.pdf,CUSTOMER SATISFACTION ON COFFEE SHOPS IN IRIGA CITY,Kurt Daniel M. Caigas; Jason S. Renegado; Joey Segovia,2024,BSHM,,
impact-service-quality-customer-satisfaction-food-2024.pdf,IMPACT OF SERVICE QUALITY ON CUSTOMER SATISFACTION OF FOOD BAZAAR IN IRIGA CITY,"Braga, Yedda Mae P.; Cepe, Rosemarie T.; Refugio, Ma. Althia Lovely P.",2024,BSHM,"Ruvelyn R. Martinez, Mbm",
breadfruit-seed-sweet-delicacies-2024.pdf,BREADFRUIT SEED SWEET DELICACIES,Juneflor N. Pontillas; Judith S. Ponesto; Armando P. Dimailig Jr.,2024,BSHM,,
level-internship-performance-bshm-students-camarines-2024.pdf,LEVEL OF INTERNSHIP PERFORMANCE OF BSHM STUDENTS AT CAMARINES SUR POLYTECHNIC COLLEGES S/Y 2023-2024,"Baleña, Mart Lioyd S.; Clete, Jerome E.; Malana, Ricky S.; Tañamor, Maricon B.",2024,BSHM,,
labong-delicacies-2024.pdf,LABONG DELICACIES,Trisha B. Buenaflor; Wineline D. Gapit; John Rhoi A. Armeña,2024,BSHM,,
tilapia-pie-2024.pdf,TILAPIA PIE,Angela Missy N. Baroso; Katrina A. Embestro; Joy M. Mago; Phillip Z. Serafico Iii,2024,BSHM,,
kalabasa-by-products-2024.pdf,KALABASA BY-PRODUCTS,Novie Jane B. Sumpay; Ella May B. Villadolid; Niño Ramer N. Hernandez,2024,BSHM,Bachelor Of Science In Hospitality Management,
analysis-design-enrollment-system-taburnal-learning-2023.pdf,"ANALYSIS AND DESIGN OF ENROLLMENT SYSTEM OF TABURNAL LEARNING CENTER, BATO",Rica Theresa V. Adante; Shiela Mae P. Alanis; Marl Louwelle Argarin,2023,BSIS,,
analysis-design-online-appointment-management-camarines-2023.pdf,ANALYSIS AND DESIGN FOR ONLINE APPOINTMENT MANAGEMENT IN CAMARINES SUR POLYTECHNIC COLLEGES ADMISSION OFFICE,Renela Rose A. Garol; Pablo R. Talagtag Jr.; Mary Joy E. Tuyay,2023,BSIS,"Niño Jeffrey L. Luzon, Mis,",
uncovering-knowledge-management-practices-academic-cluster-2023.pdf,UNCOVERING THE KNOWLEDGE MANAGEMENT PRACTICES OF THE ACADEMIC CLUSTER AND RESEARCH OFFICE IN CAMARINES SUR POLYTECHNIC COLLEGES,Gilian B. Bermido; Danica D. Berza; Ronel G. Teñoso,2023,BSIS,,
information-system-strategic-plan-belen-lying-in-2023.pdf,"INFORMATION SYSTEM STRATEGIC PLAN FOR BELEN LYING-IN CLINIC MANAGEMENT SYSTEM NABUA, CAMARINES SUR",Hermogenes A. Hallare; Jean Pauline S. Mabini; John Arnel R. Reparip,2023,BSIS,"Niño Jeffrey L. Luzon, Mis",
tale-three-learning-management-systems-comparative-2023.pdf,"A TALE OF THREE LEARNING MANAGEMENT SYSTEMS: A COMPARATIVE STUDY OF LEONS, SIAS, AND GOOGLE CLASSROOM",Christian S. Balang; Ferdinand P. Camacho; Maria Lineth A. Cariaga,2023,BSIS,,
title-page-implementing-lean-ux-approach-2023.pdf,TITLE PAGE IMPLEMENTING THE LEAN UX APPROACH IN THE DESIGN OF THE ENROLLMENT SYSTEM FOR THE NABUA NATIONAL HIGH SCHOOL (SENIOR HIGH SCHOOL),"Luzon, Avegail C.; Isaac, Jeanie Mae F.; Obero, Ezel Dale H.",2023,BSIS,,
web-based-registrar-s-office-2023.pdf,WEB - BASED REGISTRAR’S OFFICE TRANSACTION APPOINTMENT SYSTEM FOR CAMARINES SUR POLYTECHNIC COLLEGES: THE IMPLEMENTATION OF POST–DESIGN STAGES,Ivan Jefferson O. Calleja; Zarina Kate D. Lagatic; Kaye Angela L. Sabenorio,2023,BSIT,,
boardal-web-based-audal-boarding-house-management-2023.pdf,BOARDAL: WEB-BASED AUDAL BOARDING HOUSE MANAGEMENT SYSTEM WITH SMS NOTIFICATION VIA ITEXMO,Maria Angelica B. Arcilla; Jamil F. Sapnay; Kristine Rose L. Yapan,2023,BSIT,,
development-digital-marketplace-2023.pdf,DEVELOPMENT OF DIGITAL MARKETPLACE,Jake B. Agnas; Joebe V Castañeda; Elsie B. Dancalan,2023,BSIT,,
metasys-4-0-integrating-advance-database-2023.pdf,METaSys 4.0: INTEGRATING ADVANCE DATABASE AND USER INTERFACE FOR ENHANCE PERFORMANCE,Cristine S. Haber; Edilyn M. Jornala; Kaye E. Romero,2023,BSIT,,
title-page-medicare-web-based-medical-inventory-2023.pdf,TITLE PAGE MEDICARE: A WEB-BASED MEDICAL INVENTORY MANAGEMENT SYSTEM WITH DATA ANALYTICS,Arjay B. Bascon; Ma. Angela Janelle D.P. Fabricante; Jeremy L. Siguenza,2023,BSIT,,
stressors-coping-strategies-during-transition-senior-2024.pdf,STRESSORS AND COPING STRATEGIES DURING THE TRANSITION FROM SENIOR HIGH SCHOOL TO COLLEGE AMONG THE FIRST-YEAR MIDWIFERY STUDENTS OF CAMARINES SUR POLYTECHNIC COLLEGES,"Baldon, Renz C.; Borromeo, Ruthy Shane O.; Cabañez, Marry Gly-Ann T.; Cortez, Kc-Lyn B.; Decano, Deborah Kay C.",2024,BSM,,
republic-philippines-camarines-sur-polytechnic-colleges-2024.pdf,"Republic of the Philippines CAMARINES SUR POLYTECHNIC COLLEGES Nabua, Camarines Sur COLLEGE OF HEALTH SCIENCES BALANCING ROLE PERFORMANCE: LIVED EXPERIENCES OF STUDENT MOTHERS IN THE COLLEGE OF HEALTH SCIENCES, CAMARINES SUR POLYTECHNIC COLLEGES",Jessa Mae E. Lorzano; Lyka Mae L. Nonato; Jian Nicole R. Paliza; Maria Aurora O. Pandes; Ma. Hanna C. Rabusa,2024,BSM,,
compliance-antenatal-care-services-among-pregnant-2024.pdf,"COMPLIANCE TO ANTENATAL CARE SERVICES AMONG PREGNANT WOMEN OF PERPETUAL HELP, IRIGA CITY",Lea Balares; Roxan P. Budek; Cherry Lyn T. De La Rama; Lara Joy S. Dialogo; Diana I. Ibarlin,2024,BSM,,
preferred-areas-specialization-among-level-4-2023.pdf,"PREFERRED AREAS OF SPECIALIZATION AMONG LEVEL 4 STUDENT NURSES OF CAMARINES SUR POLYTECHNIC COLLEGES, NABUA, CAMARINES SUR","Bellen, Aprille Lyn Elyza T.; Follero, Joaracita P.; Fortuno, Kenyon Wayne G.",2023,BSN,,
knowledge-practices-dengue-fever-among-residents-2024.pdf,"KNOWLEDGE AND PRACTICES ON DENGUE FEVER AMONG THE RESIDENTS OF SELECTED BARANGAYS IN NABUA, CAMARINES SUR",Trexie Harvey C. Encinares; Princess Trishia C. Ibarbia; Denillen N. Merilles; Ma. Glaiza E. San Francisco,2024,BSN,"Maria Visitacion M. Taburnal, Ph.D",
job-satisfaction-clinical-instructors-camarines-sur-2023.pdf,"JOB SATISFACTION OF CLINICAL INSTRUCTORS AT CAMARINES SUR POLYTECHNIC COLLEGES, NABUA, CAMARINES SUR",Ma. Alezandra S. Agregado; Jassy G. Clavillas; Lance Lyndel O. Limsiaco,2023,BSN,,
lived-experiences-staff-nurses-one-hospital-2023.pdf,LIVED EXPERIENCES OF STAFF NURSES IN ONE HOSPITAL OF RINCONADA DURING POSTCOVID-19 PANDEMIC,Ryan James C. Argallon; Diane Angela P. Lanuzo; Mark Jabez O. Monge,2023,BSN,,
mental-health-status-bachelor-science-nursing-2023.pdf,MENTAL HEALTH STATUS OF THE BACHELOR OF SCIENCE IN NURSING STUDENTS OF CAMARINES SUR POLYTECHNIC COLLEGES,Ma. Rafaela Andrea M. Besinio; Diana Krystelle Q. Bregala; Anke Hessen E. Haber,2023,BSN,,
saving-lives-firsthand-experiences-student-nurses-2023.pdf,SAVING LIVES: FIRSTHAND EXPERIENCES OF STUDENT NURSES OF CAMARINES SUR POLYTECHNIC COLLEGES,"Cañeso, Heizel Mae O.; Caudilla, Edwin Andrie B.; Navarra, Angielyn B.",2023,BSN,,
impact-stress-academic-performance-bachelor-science-2023.pdf,IMPACT OF STRESS ON THE ACADEMIC PERFORMANCE OF THE BACHELOR OF SCIENCE IN NURSING STUDENTS OF CAMARINES SUR POLYTECHNIC COLLEGES,Cedrick Espinosa; Erica Mae R. Ngo; Ma. Jen V. Reyes,2023,BSN,,
impact-increase-enrollment-nursing-program-camarines-2023.pdf,"IMPACT OF THE INCREASE IN ENROLLMENT IN THE NURSING PROGRAM AT CAMARINES SUR POLYTECHNIC COLLEGES, NABUA, CAMARINES SUR",Marianella Trixie S. Bermal; Erica A. Brazal; Seth Amiel Mota,2023,BSN,,
readiness-new-nursing-graduates-camarines-sur-2023.pdf,READINESS OF NEW NURSING GRADUATES FROM CAMARINES SUR POLYTECHNIC COLLEGES IN TRANSITIONING TOWARDS BEGINNING NURSE,"Dalanon, Allen Rafael E.; Lozano, Kate P.; Peñaflorida, Rae Isabelle R.",2023,BSN,"Eden Q. Paniterce, Man",
challenges-experienced-teenage-parents-selected-barangays-2023.pdf,"CHALLENGES EXPERIENCED BY TEENAGE PARENTS IN SELECTED BARANGAYS OF BAAO, CAMARINES SUR",Dianne S. Ibarondo; Kim Archie M. Mata; Jhon Anton B. Samaco Ii,2023,BSN,"Naneth O. Oida, M.A.N.",
readiness-performing-beginning-nurses-roles-among-2023.pdf,READINESS IN PERFORMING BEGINNING NURSES’ ROLES AMONG LEVEL IV NURSING STUDENTS OF CAMARINES SUR POLYTECHNIC COLLEGES,Shana Yuri R. Arnante; Clarence M. Catimbang; Abegail B. Moreno,2023,BSN,,
skills-development-level-iii-nursing-students-2023.pdf,"SKILLS DEVELOPMENT OF LEVEL III NURSING STUDENTS IN NCM 103 OF CAMARINES SUR POLYTECHNIC COLLEGES, NABUA, CAMARINES SUR","Amador, Yvana Maripaz V.; Ignao, Jobea Samantha C .; Namoro, John Lloyd C.",2023,BSN,,
challenges-encountered-nursing-students-camarines-sur-2023.pdf,CHALLENGES ENCOUNTERED BY NURSING STUDENTS OF CAMARINES SUR POLYTECHNIC COLLEGES IN THEIR RELATED LEARNING EXPERIENCE,"Capistrano, John Edward F.; Lanzon, Marjun J.; Velitario, Nicole Kyle B.",2023,BSN,,
characterizing-clinical-instructors-basis-effective-clinical-2023.pdf,CHARACTERIZING CLINICAL INSTRUCTORS : BASIS FOR AN EFFECTIVE CLINICAL TEACHING-LEARNING EXPERIENCES OF NURSING STUDENTS OF CAMARINES SUR POLYTECHNIC COLLEGES,Hajellah S. Ampaso; Lance Christian H. Lagatic; Jewel D. Lanuzo; April Ann C. Rojero,2023,BSN,"Eden Q. Paniterce, M.A.N.",
utilization-sambong-lagundi-treatment-common-ailments-2023.pdf,"UTILIZATION OF SAMBONG AND LAGUNDI AS TREATMENT FOR COMMON AILMENTS AMONG RESIDENTS OF BARANGAY CARANDAY, BAAO, CAMARINES SUR",Andrea Roxanne A. Beltran; Phonne Mae P. Dee; Tricia Kaye P. Iblan,2023,BSN,"Naneth O. Oida, M.A.N.",
associated-risk-factors-prevalence-type-2-2023.pdf,"ASSOCIATED RISK FACTORS AND PREVALENCE OF TYPE 2 DIABETES MELLITUS AMONG THE CONSTITUENTS IN POBLACION BARANGAYS OF BATO, CAMARINES SUR",Sara Mae Soliva Pandes; Julia Alyssa Pili Sanchez; Florence Suzanne Cuadro Tataro; Jakel Uziah Tanay Tino,2023,BSN,"Naneth O. Oida, M.A.N.",
healthcare-ethics-related-learning-experience-student-2023.pdf,"HEALTHCARE ETHICS IN RELATED LEARNING EXPERIENCE OF STUDENT NURSES OF CAMARINES SUR POLYTECHNIC COLLEGES, NABUA, CAMARINES SUR",Maria Angelica P. Pega; Ma. Shiela O. Tañamor; Elijah Belle B. Tercenio,2023,BSN,,
modern-family-planning-method-utilization-among-2023.pdf,"MODERN FAMILY PLANNING METHOD UTILIZATION AMONG WOMEN OF REPRODUCTIVE AGE OF LA PURISIMA, NABUA, CAMARINES SUR",Nhaeca Jella P. Beldad; Clarisse P. Santelices; Aira Mae C. Suñaz,2023,BSN,"Eden Q. Paniterce, M.A.N.",
perception-unvaccinated-senior-citizens-la-purisima-2023.pdf,"PERCEPTION OF UNVACCINATED SENIOR CITIZENS OF LA PURISIMA, NABUA, CAMARINES SUR ON COVID-19 VACCINATION",Marc Kiel Q. Martin; Erika Mae A. Priela; Afrah C. Sabe,2023,BSN,"Lea Anne Agnas-Mediado, M.A.N.",
utilization-maternal-healthcare-services-among-women-2024.pdf,"UTILIZATION OF MATERNAL HEALTHCARE SERVICES AMONG WOMEN OF REPRODUCTIVE AGE IN BARANGAY SAN RAFAEL, BUHI CAMARINES SUR",Ma. Carla B. Bolos; Veronica Marie L. Ibias; Maria C. Maguljado; Ela Joy C. Silo; Gene L. Silvano,2024,BSN,"Abigail F. Monge, M.A.N.",
assessment-dietary-habits-among-municipal-employees-2024.pdf,"ASSESSMENT ON DIETARY HABITS AMONG MUNICIPAL EMPLOYEES OF NABUA, CAMARINES SUR",Chelmher T. Bancaso; Amanda Kate B. Christy; Kyla Xereen E. Ocampo,2024,BSN,"Joyce S. Obis, M.A.N.",
impact-clinical-experiences-empathy-development-among-2024.pdf,IMPACT OF CLINICAL EXPERIENCES ON EMPATHY DEVELOPMENT AMONG STUDENT NURSES OF CAMARINES SUR POLYTECHNIC COLLEGES,Mary Joy Beraña; Regine M. Blancada; Nicole Patrish B. Jacobe; Sophia C. Medina; Riah Danise E. Roldan,2024,BSN,,
health-effects-excessive-use-mobile-gaming-2023.pdf,HEALTH EFFECTS OF EXCESSIVE USE OF MOBILE GAMING AMONG JUNIOR HIGH STUDENTS OF NABUA NATIONAL HIGH SCHOOL,Aljon S. Obis; Charizza Joy A. Ragas; Jhoanne Aice G. Regalado,2023,BSN,,
tracer-study-bachelor-science-nursing-graduates-2023.pdf,"TRACER STUDY OF THE BACHELOR OF SCIENCE IN NURSING GRADUATES OF CAMARINES SUR POLYTECHNIC COLLEGES, BATCH 2020",Winston Jay L. Hernandez; Diana L. Pasawa; Kristel Joyce D. Relos; Mia L. Sta. Cruz,2023,BSN,,
impact-re-opening-face-to-face-learning-modality-nursing-2023.pdf,"IMPACT OF RE-OPENING OF FACE-TO-FACE LEARNING MODALITY TO NURSING STUDENTS OF CAMARINES SUR POLYTECHNIC COLLEGES, NABUA, CAMARINES SUR","Arcilla, Jessa Mae A.; Fabellare, Kyra Mae E.; Nieves, Florianne A.",2023,BSN,,
impact-learning-modalities-performance-nursing-students-2024.pdf,IMPACT OF LEARNING MODALITIES ON THE PERFORMANCE OF NURSING STUDENTS IN ANATOMY AND PHYSIOLOGY AT CAMARINES SUR POLYTECHNIC COLLEGES,Meryll Lou O. Ventura; Mariane B. Juanillas; Philip John R. Pequeña; Marielle L. Ramos; Shaina Joan M. Escuro; Jihan C. Clavillas,2024,BSN,,
health-practices-bsn-students-camarines-sur-2023.pdf,HEALTH PRACTICES OF BSN STUDENTS OF CAMARINES SUR POLYTECHNIC COLLEGES: ITS IMPACT TO THEIR ACADEMIC PERFORMANCE,Ma. Sherlyn C. Alvaro; Gaile D. Awa; Sharmaine C. Serrato,2023,BSN,"Teresita P. Velasco, M.A.N.",
challenges-encountered-coping-strategies-student-parents-2024.pdf,CHALLENGES ENCOUNTERED AND COPING STRATEGIES OF STUDENT PARENTS IN THE COLLEGE OF HEALTH SCIENCES OF CAMARINES SUR POLYTECHNIC COLLEGES,Monica Shane V. Andayog; Sophia Faye Azul; Zhaira H. Castro; Mary France Guarnes; Cheryl Joy C. Malaya,2024,BSN,,
nursing-staff-retention-selected-private-hospitals-2024.pdf,NURSING STAFF RETENTION IN SELECTED PRIVATE HOSPITALS IN IRIGA CITY AMIDST OVERSEAS JOB OPPORTUNITIES,Aira Mae S. Murilla; Julieta R. Ramirez; Mark B. Rivera; Lovely Angel S. Seda,2024,BSN,"Wilfreda Monette B. Moran, M.A.N.",
healthcare-preferences-geriatric-population-barangay-paloyon-2023.pdf,"HEALTHCARE PREFERENCES OF THE GERIATRIC POPULATION IN BARANGAY PALOYON PROPER, NABUA, CAMARINES SUR",Ira Shiela R. Dezemo; Pauliene Kae H. Fordan; Camila Joy D. Velitario,2023,BSN,Wilfreda Monette Moran M.A.N.,
awareness-waterborne-diseases-among-residence-barangay-2023.pdf,"AWARENESS ON WATERBORNE DISEASES AMONG RESIDENCE OF BARANGAY SAN NICOLAS, NABUA, CAMARINES SUR",Baby Angel G. Barcela; Ma. Jialen C. Clavillas; Kyla Therese B. Hermoso,2023,BSN,,
challenges-encountered-first-year-nursing-students-2023.pdf,CHALLENGES ENCOUNTERED BY FIRST YEAR NURSING STUDENTS OF CAMARINES SUR POLYTECHNIC COLLEGES IN TRANSITIONING FROM SENIOR HIGH SCHOOL TO COLLEGE,Mac Henricks G. Bagalacsa; Jaysan Faye P. Berces; Lemuel E. Lozano,2023,BSN,"Abigail F. Monge, M.A.N.",
parental-perceptions-covid-19-vaccines-children-barangay-2023.pdf,"PARENTAL PERCEPTIONS ON COVID-19 VACCINES FOR CHILDREN IN BARANGAY STA. ELENA BARAS, NABUA, CAMARINES SUR",Hegina Risie E. Badilla; Samantha Mea O. Espalmado; Shekinah Joy G. Layosa,2023,BSN,"Naneth O. Oida, M.A.N.",
perception-women-late-reproductive-age-towards-2023.pdf,"PERCEPTION OF WOMEN OF LATE REPRODUCTIVE AGE TOWARDS MENOPAUSE IN SAN ANTONIO POBLACION NABUA, CAMARINES SUR",Gwyneth D. Awa; Allan C. Quiaño Jr.; Marc Ian B. Tolosa,2023,BSN,"Alma L. Fucio, M.A.N.",
prevalence-risk-factors-osteoarthritis-among-adults-2023.pdf,"PREVALENCE OF RISK FACTORS FOR OSTEOARTHRITIS AMONG ADULTS OF SELECTED BARANGAYS IN NABUA, CAMARINES SUR",Jusa I. Doroteo; Michelle Andrea C. Intia; Maria Gelyn M. Oliveros,2023,BSN,"Maria Laarni M. Salcedo, Ph.D.",
influence-social-media-platforms-health-behavior-2023.pdf,"THE INFLUENCE OF SOCIAL MEDIA PLATFORMS ON HEALTH BEHAVIOR AMONG THE RESIDENTS OF BARANGAY LOURDES OLD, NABUA, CAMARINES SUR",Vince Adrian O. Figuracion; Paolo D. Luzada; John Anthony G. Marpuri,2023,BSN,,
level-competence-basic-life-support-first-2023.pdf,THE LEVEL OF COMPETENCE ON BASIC LIFE SUPPORT AND FIRST AID OF THE NURSING STUDENTS OF CAMARINES SUR POLYTECHNIC COLLEGES,Ericka A. Ballester; Vivialynn Emmanuelle F. Bedural; Venus P. Bersabe,2023,BSN,,
transitioning-virtual-limited-face-to-face-its-impact-2023.pdf,TRANSITIONING FROM VIRTUAL TO LIMITED FACE-TO-FACE; ITS IMPACT TO MENTAL HEALTH OF BACHELOR OF SCIENCE IN NURSING STUDENTS OF CAMARINES SUR POLYTECHNIC COLLEGES,Jaime Jr. D. Armillos; Belle Joy Maxine B. Bersabe; Rica Angela M. Servino,2023,BSN,"Raquel E. Cirujales, R.N., M.A.N.",
level-knowledge-attitude-practices-reproductive-health-2023.pdf,"LEVEL OF KNOWLEDGE, ATTITUDE AND PRACTICES ON REPRODUCTIVE HEALTH AMONG MIDDLE ADOLESCENT GIRLS IN SAN JUAN, IRIGA CITY",John Bryan B. Ramirez; Wency Ann R. Taday; Kirby Leu R. Tuazon,2023,BSN,"Alma L. Fucio Rm, M.A.N.",
impact-blended-learning-platform-licensure-examination-2023.pdf,IMPACT OF BLENDED LEARNING PLATFORM IN THE LICENSURE EXAMINATION OF BACHELOR OF SCIENCE IN NURSING GRADUATES OF CAMARINES SUR POLYTECHNIC COLLEGES,Sondra Rose D. Jardinel; Aizer Joy B. Junio; Tricia Mae S. Nueva,2023,BSN,"Leni M. Malabanan, Ph.D.N.Ed.",
awareness-healthy-productive-ageing-program-among-2023.pdf,"AWARENESS ON THE HEALTHY AND PRODUCTIVE AGEING PROGRAM AMONG THE ELDERLY POPULATION IN LA PURISIMA, NABUA, CAMARINES SUR",Dave Alexandro A. Baldemor; Tiffany Glen R. Colina; Adelaida Kaye O. Espiritu,2023,BSN,,
challenges-public-health-services-delivery-sagrada-2023.pdf,"CHALLENGES TO PUBLIC HEALTH SERVICES DELIVERY IN SAGRADA, BAAO, CAMARINES SUR",Nicole O. Galicia; Kayla O. Sumayao; Jeminah Zoe Mae E. Villar,2023,BSN,"Luzviminda A.Fajardo, M.A.N",
health-status-quality-life-among-chronically-2023.pdf,"HEALTH STATUS AND QUALITY OF LIFE AMONG CHRONICALLY ILL ELDERLIES IN SANTIAGO YOUNG, NABUA, CAMARINES SUR: AN ASSESSMENT",Ma. Sheila B. Espiritu; Jacqueline O. Recon; Janine C. Villanueva,2023,BSN,,
impact-gadgets-utilization-clinical-areas-among-2023.pdf,"IMPACT OF GADGETS UTILIZATION IN THE CLINICAL AREAS AMONG COLLEGE OF HEALTH SCIENCES STUDENTS OF CAMARINES SUR POLYTECHNIC COLLEGES NABUA, CAMARINES SUR",Rosie Mae Bolofer; Ma. Erica V. Gueriña; Vinz Andrei T. Margate,2023,BSN,"Raquel E. Cirujales, M.A.N.",
level-satisfaction-learning-experiences-student-nurses-2023.pdf,"LEVEL OF SATISFACTION ON THE LEARNING EXPERIENCES OF STUDENT NURSES OF CAMARINES SUR POLYTECHNIC COLLEGES, NABUA, CAMARINES SUR",Raymart L. Alabatan; Eden R. Caritos; Jogie D. Hertez,2023,BSN,"Maria Visitacion M. Taburnal, Ph.D.",
mothers-level-satisfaction-child-health-services-2023.pdf,"MOTHERS’ LEVEL OF SATISFACTION ON THE CHILD HEALTH SERVICES IN THE RURAL HEALTH UNIT OF BAAO, CAMARINES SUR",Ella Joyce M. Agnas; Eva Marie Luz B. Brabante; Checia Ly M. Sario,2023,BSN,,
premenstrual-syndrome-effects-remedies-among-nursing-2023.pdf,"PREMENSTRUAL SYNDROME, EFFECTS AND REMEDIES AMONG NURSING STUDENTS OF CAMARINES SUR POLYTECHNIC COLLEGES",May Bianca B. Chavez; Jinky Mae D. Intia; Angelica D. Señido,2023,BSN,,
nursing-students-attitude-towards-psychosocial-restorative-2023.pdf,THE NURSING STUDENTS’ ATTITUDE TOWARDS THE PSYCHOSOCIAL RESTORATIVE HEALTH OF THE PATIENTS,Key Abegail S. Bacsain; Gwyneth B. Bolalin; Gina Rose B. Cortez,2023,BSN,"Alvin Franco A. Agtarap, M.A.N.",
academic-performance-4th-year-bachelor-science-2023.pdf,ACADEMIC PERFORMANCE OF THE 4th YEAR BACHELOR OF SCIENCE IN NURSING STUDENTS OF CAMARINES SUR POLYTECHNIC COLLEGES,Shawela N. Dammang; July Ann B. Quite; Crichelle A. Yamar,2023,BSN,,
health-seeking-preference-residents-barangay-iraya-buhi-2023.pdf,"HEALTH-SEEKING PREFERENCE OF THE RESIDENTS OF BARANGAY IRAYA, BUHI, CAMARINES SUR",Angela P. Ballester; Ma. Kassandra Coleen C. De Vera; Allaiza Monnique A. Isidro; Maricon E. Suñas,2023,BSN,"Grace E. Pacer, M.A.N.",
level-satisfaction-middle-managers-camarines-sur-2023.pdf,LEVEL OF SATISFACTION OF MIDDLE MANAGERS OF CAMARINES SUR POLYTECHNIC COLLEGES,Ma. Katrina Kaye C. Bueno; Eunice Joy R. Leal; Riza Cathlene P. Oliveros,2023,BSN,,
maternal-health-practices-mothers-monte-calvario-2023.pdf,"MATERNAL HEALTH PRACTICES OF MOTHERS IN MONTE CALVARIO, BUHI, CAMARINES SUR",Reshel Mae B. Cal; Maria Angela G. Fausto; Paulene Venne N. Peñaserada,2023,BSN,,
lived-experiences-mothers-lying-in-clinics-baao-2023.pdf,"LIVED EXPERIENCES OF MOTHERS IN LYING-IN CLINICS OF BAAO, CAMARINES SUR DURING ESSENTIAL INTRAPARTUM NEWBORN CARE",Nyssa Angela D. Bayos; Gillian Rose P. Bayta; Loren France R. Togores; Kristene R. Tomenio,2023,BSN,"Raquel E. Cirujales, M.A.N.",
clinical-competency-geriatric-nursing-among-level-2024.pdf,"CLINICAL COMPETENCY IN GERIATRIC NURSING AMONG THE LEVEL 3 STUDENT NURSES OF CAMARINES SUR POLYTECHNIC COLLEGES, NABUA, CAMARINES SUR","Arce, Eadgie Mae O.; Borela, Veronica June B.; Esplana, Marybeth B.; Felipe, Patricia Bianca E.; Sabas, Pauline Angeli B.",2024,BSN,,
mental-health-literacy-help-seeking-behavior-2024.pdf,"MENTAL HEALTH LITERACY AND HELP SEEKING BEHAVIOR AMONG THIRD YEAR STUDENT NURSES OF CAMARINES SUR POLYTECHNIC COLLEGES, NABUA, CAMARINES SUR",Alvin John B. Barrameda; Arabella V. Mangano; Patricia C. Manuel; Camille D. Periabras; Reymark Z. Regresado,2024,BSN,,
prevalence-self-medication-among-grade-12-students-2023.pdf,PREVALENCE OF SELF-MEDICATION AMONG GRADE 12 STUDENTS IN ONE SELECTED SENIOR HIGH SCHOOL IN IRIGA CITY,Rachel Payen Badilla; Micaella Sadueste Navales; Shea Jane Lagatic Reario,2023,BSN,,
assessment-knowledge-attitude-practices-blood-donation-2023.pdf,"ASSESSMENT OF THE KNOWLEDGE, ATTITUDE AND PRACTICES ON BLOOD DONATION AMONG NURSING STUDENTS OF CAMARINES SUR POLYTECHNIC COLLEGES",Sheena Ann I. Bayta; Russel L. Ramirez; Alejandra N. Soliven,2023,BSN,"Hayres Boots S. Sabio, Ed.D.",
challenges-encountered-bachelor-science-nursing-students-2023.pdf,CHALLENGES ENCOUNTERED BY THE BACHELOR OF SCIENCE IN NURSING STUDENTS OF CAMARINES SUR POLYTECHNIC COLLEGES IN CARING FOR GERIATRIC CLIENTS,Earl Joshua N. Borela; Jewel C. Brazil; Gaea Vanri S. Monge,2023,BSN,"Grace E. Pacer, M.A.N.",
level-satisfaction-bachelor-science-office-administration-2023.pdf,LEVEL OF SATISFACTION OF BACHELOR OF SCIENCE IN OFFICE ADMINISTRATION STUDENTS ON LEARNING ENVIRONMENT AT CAMARINES SUR POLYTECHNIC COLLEGES,"Bulacan, Krischelle Althea C.; Casabuena, Mervie B.; Nabor, Ma. Yna Mae P.",2023,BSOA,"Ruvelyn R. Martinez, Mbm",
level-proficiency-business-language-writing-skills-2023.pdf,"THE LEVEL OF PROFICIENCY IN BUSINESS LANGUAGE, WRITING SKILLS, AND GRAMMAR OF GRADUATING BSOA STUDENTS AT CAMARINES SUR POLYTECHNIC COLLEGES","Bricenio, Rhea Lyn B.; Llega, Kristelle; Velasco, Ma. Yna C.",2023,BSOA,,
tracer-study-bachelor-science-food-service-2023.pdf,TRACER STUDY OF BACHELOR OF SCIENCE IN FOOD SERVICE MANAGEMENT GRADUATES OF CAMARINES SUR POLYTECHNIC COLLEGES BATCHES 2019-2021,Jenny N. Lagatic; Monique P. Ramos; Edelyn B. Serrano,2023,BSOA,,
effects-covid-19-pandemic-study-habits-resiliency-2025.pdf,EFFECTS OF COVID-19 PANDEMIC TO THE STUDY HABITS AND RESILIENCY LEVEL DURING THE NEW NORMAL AMONG COLLEGE STUDENTS,"Baldoza, Angel Joy S.; Baldoza, Cristine O.; Nicolas, Edelyn Rose S.; Repato, Lyka Ann B.",2025,BSOA,"Marites A. Bermal, Mba",
onlline-learning-modalities-perceived-bachelor-science-2022.pdf,THE ONLLINE LEARNING MODALITIES AS PERCEIVED BY THE BACHELOR OF SCIENCE IN OFFICE ADMINISTRATION STUDENTS OF CAMARINES SUR POLYTECHNIC COLLEGES,"Aguila, Aira I.; Baal, Mary Grace C.; Bania, Abegail V.; Embestro, Glaiza R.; Monte, Michelle Angela M.",2022,BSOA,,
office-system-administration-municipality-nabua-camarines-2022.pdf,"OFFICE SYSTEM ADMINISTRATION IN THE MUNICIPALITY OF NABUA, CAMARINES SUR","Balbuena, Jonalyn P.; Baldoza, Jonathan G.; Gamban, Gerimae D.; Torres, Arron P.",2022,BSOA,"Jessica C. Marpuri, Mba",
stress-coping-mechanisms-among-bsoa-students-2023.pdf,STRESS COPING MECHANISMS AMONG BSOA STUDENTS IN CAMARINES SUR POLYTECHNIC COLLEGES,"Bonto, Erick Roberto B.; Delgaco, John Lester A.; Juanillas, Kaecy S.; Mimay, Samuel Ian G.",2023,BSOA,"Ma. Zandra Bonnine V. Salcedo, Lpt, Rgc, Rpm",
exploring-machine-shorthand-learning-experiences-bsoa-2023.pdf,EXPLORING THE MACHINE SHORTHAND LEARNING EXPERIENCES OF BSOA STUDENTS: A COMPREHENSIVE STUDY,"Banares, Allen E.; Deloverges, Carla A.; Perfecto, Maria Abegail C.",2023,BSOA,,
new-normal-education-practices-office-administration-2022.pdf,"NEW NORMAL EDUCATION PRACTICES IN OFFICE ADMINISTRATION PROGRAM OF CAMARINES SUR POLYTECHNIC COLLEGES, NABUA, CAMARINES SUR","Borromeo, Queenie Rose L.; Cabaltera, Kyle Bianca C.; Dadula, Alejo O.",2022,BSOA,,
paroy-festival-libon-albay-2023.pdf,PAROY FESTIVAL IN LIBON ALBAY,Ivy Nicole B. Padilla; Joyce Mae D. Sanchez,2023,BSTM,,
servicescape-guest-satisfaction-punta-estrella-oas-2023.pdf,"SERVICESCAPE AND GUEST SATISFACTION OF PUNTA ESTRELLA IN OAS, ALBAY","Bernales, Bj Justin A.; Celimen, Leslie Jayne E.; De Guia, Kim Joy",2023,BSTM,,
impacts-festival-community-basis-proposed-community-2024.pdf,THE IMPACTS OF FESTIVAL TO THE COMMUNITY: BASIS FOR A PROPOSED COMMUNITY AWARENESS PROGRAM,Angela Josefa B. Iballa; Angelica Maravillas; Angeline Rose A. Navarro,2024,BSTM,,
tourist-behavior-resorts-itangon-bula-camarines-2024.pdf,"TOURIST BEHAVIOR ON RESORTS IN ITANGON, BULA, CAMARINES SUR",Trisha C. Aquiler; Jamaica A. Hallare; Christal M. Litam,2024,BSTM,,
safeguarding-heritage-sites-rinconada-area-2023.pdf,SAFEGUARDING OF HERITAGE SITES IN RINCONADA AREA,Jomar N. Blazado; Ma. Karen I. Lavilla; Ma. Camille P. Villaluz,2023,BSTM,,
community-based-tourism-beach-resorts-balatan-2024.pdf,"______________________________________________________________________________ “COMMUNITY BASED TOURISM FOR BEACH RESORTS IN BALATAN, CAMARINES SUR”",Daina Rose S. Mangente; John Loyd A. Soliman; Celyn Jeneil C. Vales,2024,BSTM,,
skills-competencies-among-selected-accommodation-employees-2023.pdf,“SKILLS AND COMPETENCIES AMONG SELECTED ACCOMMODATION EMPLOYEES IN IRIGA CITY”,Josephine N. Abanis; Barbie B. Baguio; Jessa Mae Talagtag,2023,BSTM,,
balay-sa-bikol-service-quality-gap-2024.pdf,BALAY SA BIKOL: A SERVICE QUALITY GAP ANALYSIS,Danica Charisse Bolano; Lioningning C. Rabino; May Ann B. Tataro,2024,BSTM,"Norel Peter M. Illo, Phd",
effects-mount-mayon-significant-volcanic-activity-2024.pdf,"THE EFFECTS OF MOUNT MAYON SIGNIFICANT VOLCANIC ACTIVITY TO LOCAL ENTREPRENEURS IN DARAGA, ALBAY",Joelle O. Langcauon; Hazel Obsuna; Marianne Fe P. Toledo,2024,BSTM,,
marketing-practices-selected-resorts-pili-camarines-2024.pdf,"MARKETING PRACTICES OF THE SELECTED RESORTS IN PILI, CAMARINES SUR",Monikka B. Zamora; John Francis N. Alarcon; Bernadette G. Pacardo,2024,BSTM,,
marketing-practices-selected-resorts-pili-camarines-2024-2.pdf,"MARKETING PRACTICES OF THE SELECTED RESORTS IN PILI, CAMARINES SUR",Monikka B. Zamora; John Francis N. Alarcon; Bernadette G. Pacardo,2024,BSTM,,
region-v-camarines-sur-polytechnic-colleges-2024.pdf,"Region V CAMARINES SUR POLYTECHNIC COLLEGES Nabua, Camarines Sur COLLEGE OF TOURISM, HOSPITALITY, AND BUSINESS MANAGEMENT Bachelor of Science in Tourism Management TOURISM STAKEHOLDERS’ PERSPECTIVES ON THE IMPACTS OF THE EXPANSION OF NAGA AIRPORT",Kent Jester B. Corporal; Remy B. Nuñez; Guia Marie N. Alarcon; Vea D. Casal,2024,BSTM,,
region-v-camarines-sur-polytechnic-colleges-2024-2.pdf,"Region V CAMARINES SUR POLYTECHNIC COLLEGES Nabua, Camarines Sur COLLEGE OF TOURISM, HOSPITALITY, AND BUSINESS MANAGEMENT Bachelor of Science in Tourism Management TOURIST REVISIT INTENTION: A CASE OF KAWA-KAWA HILL AND NATURAL PARK",Leah Rose C. Chavez; Rafaela S. Retis; Serafin John P. Saldivar,2024,BSTM,,
exploringthepotentialof-busayfallsasa-touristdestination-cabungan-balatan-camarines-2024.pdf,"EXPLORINGTHEPOTENTIALOF BUSAYFALLSASA TOURISTDESTINATION IN CABUNGAN, BALATAN, CAMARINES SUR",Micheal Baldovino; Clerlyn T. Cabarogias; Edelyn Soliman; Gemma Rose M. Soliman,2024,BSTM,"Cristinar.Follosco, Mbm",
republic-philippines-camarines-sur-polytechnic-2024.pdf,"- Republic of the Philippines CAMARINEs SUR POLYTECHNIC COLLEGES ·                Nabua, Camarines Sur ~   =-.   COLLEGE OF TOURISM, HOSPITALITY AND BUSINESS MANAGEMENT    9001 ,.0                          Bachelor of Science in Tourism Management~-----------..;.:.:.:::=.:..:.::..:.::.:::.=:::~------- DESTINATION COMPETITIVENESS OF RESORTS IN OCAMPO, CAMARINES SUR",Jamylle S. Blancada; Klmberly B. Brazil; Hazelnarra,2024,BSTM,Bachelor Of Science In Tourism Management.,
benefits-food-night-market-tourism-industry-2023.pdf,BENEFITS OF FOOD NIGHT MARKET IN THE TOURISM INDUSTRY OF POLANGUI ALBAY,Xyla Mae T. Abila; Anthony M. Baynado; Kramer Khan S. Eusoof; Richelle Ally R. Racab,2023,BSTM,,
service-quality-local-caf-municipality-balatan-2023.pdf,SERVICE QUALITY OF LOCAL CAFÉ IN MUNICIPALITY OF BALATAN,Justine A. Ellorde; Glaffrey Llaneth A Llanzana; Angelina C. Pareja,2023,BSTM,,
tourist-experiences-pe-afrancia-festival-2024.pdf,TOURIST EXPERIENCES ON PEÑAFRANCIA FESTIVAL,Ryan B. Gambal; Jessica Faye B. Talangan; Marife Y. Tana,2024,BSTM,,
economic-impacts-beach-resorts-tourism-industry-2023.pdf,ECONOMIC IMPACTS OF BEACH RESORTS IN THE TOURISM INDUSTRY IN RINCONADA AREA,Divine Grace B. Bascon; Mary Joy M. Escriba; Princess Lee B. Perez,2023,BSTM,"Mary Jane B. Frongoso, Mihtm",
ethical-standards-professional-development-among-fast-food-2023.pdf,ETHICAL STANDARDS AND PROFESSIONAL DEVELOPMENT AMONG FAST-FOOD RESTAURANT EMPLOYEES IN IRIGA CITY,"Castelo, Ma. Cristina A.; Salas, Julia Mae N.; Sotto, Rodelyn T.",2023,BSTM,,
local-community-awareness-celebration-pulang-angui-festival-2023.pdf,LOCAL COMMUNITY AWARENESS IN THE CELEBRATION OF PULANG-ANGUI FESTIVAL,Alyssa Mae T. Ayagan; Syra V. Mesias; Jassica Rose G. Priolo; Aiza G. Rebulado,2023,BSTM,,
marketing-strategy-jmp-adventure-park-stairways-2023.pdf,MARKETING STRATEGY OF JMP ADVENTURE PARK: STAIRWAYS TO HAVEN,Janicah Mae S. Secillano; Chimene V. Seva; Alyssa Marie S. Taniog; Chloe Jean O. Vibar,2023,BSTM,,
tinawagan-hills-promising-attraction-baao-camarines-2023.pdf,"TINAWAGAN HILLS: A PROMISING ATTRACTION IN BAAO, CAMARINES SUR","Atole, Cristal B.; Dequiroz, Reyzelle D.; Tañamor, Ma. Lizabelle B.; Tolosa, Benhardth A.",2023,BSTM,"Nikko A. Yosores, Mba",
greening-practices-selected-resorts-rinconada-2023.pdf,Greening Practices of Selected Resorts in Rinconada,"Fabul, Mary Roscelin C.; Pletado, Elaine O.; Sabalboro, Vanessa C.; Toscano, Kathlean B.",2023,BSTM,,
hiring-persons-disabilities-pwds-accommodation-establishments-2023.pdf,HIRING PERSONS WITH DISABILITIES (PWDs) IN ACCOMMODATION ESTABLISHMENTS,May E. Badiola; Karen H. Delgaco; Lyka Alexandria R. Lomeda,2023,BSTM,,
integrating-sustainable-practices-beach-resorts-balatan-2023.pdf,"INTEGRATING SUSTAINABLE PRACTICES IN BEACH RESORTS IN BALATAN, CAMARINES SUR",Hersen M. Bomalay; Ruth V. Cornelio; Ma. Carla P. Dayupay; Judie B. Zuñiga,2023,BSTM,,
water-lily-handicrafts-buhi-camarines-sur-2023.pdf,"WATER LILY HANDICRAFTS IN BUHI, CAMARINES SUR",Diomelyn F. Redondo; Mary Jane C. Salamanque; Noel John S. Sales; Dana Sophia O. Soto,2023,BSTM,"Maria Luisa O. Sotero, Phd",
perceived-sensescape-tourists-balatan-camarines-sur-2023.pdf,"PERCEIVED SENSESCAPE OF TOURISTS IN BALATAN, CAMARINES SUR BASE FOR DESTINATION PLAN",Reynalyn R. Nogot; Yzabelle R. Portugal; Chris Ann M. Regala,2023,BSTM,,
sustainable-tourism-practices-farmplate-daraga-albay-2024.pdf,"SUSTAINABLE TOURISM PRACTICES OF FARMPLATE IN DARAGA, ALBAY",Lady Kristy B. Delgado; Clavelle R. Mayor; Kisha Jane A. Nagales,2024,BSTM,"Roque B. Cruz Ii, Mba",
status-cultural-heritage-tourism-daraga-albay-2023.pdf,"THE STATUS OF CULTURAL HERITAGE TOURISM IN DARAGA, ALBAY",Jann Kyla C. Corporal; Joy M. Dorosan; Ma. Zyra Mae V. Luz,2023,BSTM,,
054-288-4421-loc-128-college-tourism-2023.pdf,"(054) 288-4421 loc. 128 College of Tourism, Hospitality and Business Management Bachelor of Science in Tourism Management CHALLENGES ENCOUNTERED OF COFFEE SHOPS IN POLANGUI, ALBAY",Mary Jean O. Arcilla; Krizel Jane I. Bucad; Rhaiza Loraine S. Junta; Catherine B. Nealiga,2023,BSTM,,
events-management-practices-event-planners-rinconada-2023.pdf,“EVENTS MANAGEMENT PRACTICES OF EVENT PLANNERS IN RINCONADA”,"Boaquiña, Ivan A.; Monponbanua, Abegail P.; Solis, Jay E.",2023,BSTM,"Sherlyn A. Salcedo, Mihtm",
social-media-marketing-selected-coffee-shops-2024.pdf,SOCIAL MEDIA MARKETING OF SELECTED COFFEE SHOPS IN NAGA CITY,Ma. Lea C. Cuatrona; Ainhoa Grace A. Estadilla; Charl Jastine C. Mejia; Jullie Anne T. Talagtag,2024,BSTM,"Norel Peter M. Illo, Ph.D.",
behavioral-intention-customers-quickserv-restaurants-pili-2024.pdf,"BEHAVIORAL INTENTION OF CUSTOMERS IN QUICKSERV RESTAURANTS AT PILI, CAMARINES SUR","Colarina, Aprilyn R.; Lumapag, Jasmine A.; Trias, John Michael D.",2024,BSHM,"Jay Christian M. Fajardo, Mba",
daruna-2024.pdf,DARUNA,Dharynne G. Ibarrientos; Cristy Mae Lerio; Janelle M. Babiera,2024,BSENTREP,"Jay Christian M. Fajardo, Mba",
cassava-lubi-lubi-kropek-2024.pdf,"CASSAVA, LUBI-LUBI KROPEK","Brillo, Blessy; Sinfuego, Rodel G. Jr.; Zoilo, Jaycel B.",2024,BSHM,,
collection-management-unpublished-materials-among-academic-2025.pdf,COLLECTION MANAGEMENT OF UNPUBLISHED MATERIALS AMONG ACADEMIC LIBRARIES IN CAMARINES SUR,Zoila R. Belardo; Marknel V. Bas; Grace S. Cañaveral,2025,BLIS,,
cervical-cancer-awareness-women-reproductive-age-2023.pdf,"CERVICAL CANCER AWARENESS OF WOMEN OF REPRODUCTIVE AGE IN SELECTED BARANGAYS OF BAAO, CAMARINES SUR",Chrystalene F. Balilla; Ma. Theresa B. Florendo; Aila Marie A. Marjalino,2023,BSN,"Naneth O. Oida, M.A.N.",
challenges-encountered-bachelor-science-nursing-students-2023-2.pdf,CHALLENGES ENCOUNTERED BY BACHELOR OF SCIENCE IN NURSING STUDENTS OF CAMARINES SUR POLYTECHNIC COLLEGES IN RELATED LEARNING EXPERIENCES,Mary Celine R. Barce; Michaela Marie B. Saberola,2023,BSN,"Leni M. Malabanan, Ph.D.N.Ed.",
culinary-tourism-camalig-albay-2024.pdf,CULINARY TOURISM IN CAMALIG ALBAY,Daisyre P. Lanuzo; Jubelle A. Resare; Joseph P. Tampoco,2024,BSTM,"Mary Jane T. Bernales, Mbm",
customer-satisfaction-pechelitos-beach-resort-pasacao-2024.pdf,"CUSTOMER SATISFACTION OF PECHELITOS BEACH RESORT IN PASACAO, CAMARINES SUR",Rainier Ian D. Bancaso; Contess Nicole R. Frias; Richard R. Moreno; Shane Michael M. Regondola,2024,BSTM,,
challenges-experienced-level-ii-nursing-students-2023.pdf,CHALLENGES EXPERIENCED BY LEVEL II NURSING STUDENTS OF CAMARINES SUR POLYTECHNIC COLLEGES IN THE TRANSITION FROM ONLINE TO FACE-TO-FACE LEARNING,Lea R. Agonos; Jae-Ann S. Balang; Joarra C. Balatan; Verna V. Camacho,2023,BSN,,
culture-bound-syndrome-health-care-management-practices-2023.pdf,"CULTURE-BOUND SYNDROME AND HEALTH CARE MANAGEMENT PRACTICES AMONG GERIATRIC IN SAN PEDRO, GOA, CAMARINES SUR",Krisa Jeane A. Adorna; Janry Daness S. Vargas; Florence Sofia M. Faurillo,2023,BSN,"Abigail Filio Monge, M.A.N",
determinants-performance-nurses-licensure-examination-graduates-2023.pdf,"DETERMINANTS OF PERFORMANCE IN THE NURSES LICENSURE EXAMINATION OF GRADUATES BATCH 2020 OF CAMARINES SUR POLYTECHNIC COLLEGES IN NABUA, CAMARINES SUR",Margaret Mary C. Beltran; Norry Fen A. Cervas; Matt Znel L. Reniva,2023,BSN,,
factors-affecting-library-noise-pollution-students-2025.pdf,FACTORS AFFECTING LIBRARY NOISE POLLUTION ON STUDENTS' LEARNING ENVIRONMENT,Jessica Isabel P. Blanquera; Julie Q. Polloso; Sara Joy B. Salmo,2025,BLIS,,
ecological-solid-waste-literacy-bachelor-science-2023.pdf,ECOLOGICAL SOLID WASTE LITERACY OF THE BACHELOR OF SCIENCE IN OFFICE ADMINISTRATION STUDENTS IN CAMARINES SUR POLYTECHNIC COLLEGES,Cuadro Sarah Jane T.; Emalada Maribel A.; Julianes Joanna B.,2023,BSOA,,
effectiveness-hydrotherapy-labor-management-belen-lying-in-2024.pdf,"EFFECTIVENESS OF HYDROTHERAPY IN LABOR MANAGEMENT AT BELEN LYING-IN CLINIC, BULUANG BAAO, CAMARINES SUR",Felez Nicca R. Baldoza; April Joy N. Benavente; Gwyneth Andrea D. Botor; Floribelle A. Nieves,2024,BSM,,
exploring-language-studies-students-perceptions-chatgpt-2024.pdf,EXPLORING LANGUAGE STUDIES STUDENTS’ PERCEPTIONS OF CHATGPT AS A LANGUAGE LEARNING TOOL,"Alarba, Ma. Sandra S.; Nacion, Mary Joy N.; Narra, Lea Mae C.",2024,ABELS,"Reu Amor Diga, MAEng",
hya-paper-crafts-2024.pdf,HYA PAPER CRAFTS,Marielle Louise Agarin; Von Emman F. Bermal; Janine G. Carullo; Christia Jane B. Lerio; Jona May R. Lumame; Cherry O. Naron; Ruth Sunshine O. Revale,2024,BSENTREP,,
common-diseases-encountered-elderly-salvacion-que-2023.pdf,"COMMON DISEASES ENCOUNTERED BY ELDERLY OF SALVACION QUE GATOS, NABUA, CAMARINES SUR: BASIS FOR A COMMUNITY EXTENSION PROGRAM OF THE COLLEGE OF HEALTH SCIENCES",April L. Nojara; Janice C. Noora; Rosette Anne B. Salazar,2023,BSN,,
cspc-student-event-calendar-system-version-2024.pdf,CSPC STUDENT EVENT CALENDAR SYSTEM VERSION 3.0,Cylene A. Busadre; Charlyn Joyce T. Sedutan; Ronnie G. Yaguel Jr.,2024,BSIT,"Kaela Marie N. Fortuno, Mit",
web-portal-tandaay-high-school-document-2023.pdf,WEB PORTAL FOR TANDAAY HIGH SCHOOL WITH DOCUMENT TRACKING AND DOCUMENT REQUEST USING QUICK RESPONSE TECHNOLOGY,Zildjian Xavier F. Llagas; John Patrick O. Oarmata; Krizia Ann Marie B. Parañal,2023,BSIT,,
impact-online-learning-mental-health-bachelor-2022.pdf,IMPACT OF ONLINE LEARNING ON THE MENTAL HEALTH OF BACHELOR OF SCIENCE IN OFFICE ADMINISTRATION (BSOA)THIRD YEAR STUDENTS,Kaye Patricia Arabaca; Erika Dulpina Bordas; Ghenlou Cabuguang; Mary France Larcena; Edna Tormes Sirios; Researchers,2022,BSOA,,
factors-affecting-academic-performance-machine-shorthand-2022.pdf,FACTORS AFFECTING THE ACADEMIC PERFORMANCE IN MACHINE SHORTHAND OF BSOA STUDENTS DURING PANDEMIC,"Alarcon, Caysie P.; Arales, Cristine P.; Buagas, Kimberly D.; Periabras, Junalyn B.; Researchers",2022,BSOA,,
la-vermi-fertilizer-trading-2018.pdf,LA VERMI FERTILIZER TRADING,Jeaneth Parpan; Manuelito Española; Lovella Shela Monte,2018,LA,,
camarines-sur-polytechnic-colleges-nabua-camarines-2022.pdf,"CAMARINES SUR POLYTECHNIC COLLEGES Nabua, Camarines Sur COLLEGE OF BUSINESS MANAGEMENT Bachelor of Science in Office Administration “LEARNING EXPERIENCES OF BSOA STUDENTS DURING COVID-19 PANDEMIC”","Aballa, Marites A.; Asas, Roselyn S.; Cagnayo, Sharmaine Carl O.; Librando, Caroline C.; Villoso, Judy Ann P.",2022,BSOA,,
operation-management-practices-catering-businesses-rinconada-2023.pdf,OPERATION MANAGEMENT PRACTICES OF CATERING BUSINESSES IN RINCONADA,Romar M. Lauron; Jekire B. Palencia; Samer S. Pelecia,2023,BSHM,,
organizational-challenges-managing-local-collection-rinconada-2025.pdf,ORGANIZATIONAL CHALLENGES IN MANAGING LOCAL COLLECTION IN RINCONADA LIBRARIES,Ma. Lea R. Baldoza; Micheal James P. Bendal; Melody C. Bombase,2025,BLIS,"Ayra A. Gonowon, Rl, Mlis",
food-safety-handling-practices-selected-eateries-2023.pdf,"FOOD SAFETY AND HANDLING PRACTICES OF SELECTED EATERIES IN NABUA, CAMARINES SUR",Daisy Espares; Cindy A. Quitoy; Nicole Kelly B. Rull,2023,BSHM,,
performances-bachelor-science-office-administration-students-2022.pdf,PERFORMANCES OF BACHELOR OF SCIENCE IN OFFICE ADMINISTRATION STUDENTS AT CAMARINES SUR POLYTECHNIC COLLEGES,"Apelacion, Nelia S.; Buena, Philip Anthony B.; Hinaniban, Jevelyn T.; Magistrado, May Ann V.; Siguenza, Marlon T.",2022,BSOA,,
raass-s-choice-mushroom-siomai-2024.pdf,RAASS’s CHOICE MUSHROOM SIOMAI,"Saldivar, Jhonlie P.; Sejera, Kryll Ma. Ella J.; Rubianes, Robert E.; Ampongan, Frankie Mae; Agorita, Marivic G.",2024,BSENTREP,,
records-management-practices-sangguniang-kabataan-key-2023.pdf,"RECORDS MANAGEMENT PRACTICES OF SANGGUNIANG KABATAAN KEY OFFICIALS IN DIFFERENT BARANGAYS IN NABUA, CAMARINES SUR.","Hizon, Joshua B.; Pesuelo, Ruth L.; Uvero, Althea M.",2023,BSOA,,
rice-libas-chips-2024.pdf,RICE LIBAS CHIPS,Angelica B. Dacuba; Angelyn E. Juanillas; Angelica B. Pascual; Mica M. Reobilo; Jolina Q. Señadan; Kaye Kaithlyn Anne R. Tuazon,2024,BSENTREP,"Cherry Lyn Odsinada, Mentrep",
rindle-sight-2024.pdf,RINDLE ON SIGHT,Entrepreneurship; Hazel Ann V.Borillo; Renz D. Brezuela; Fiorelle Oxana C. Dela Vega; Princess Pauline N. Dimaiwat; Diana Hyra A. Landong; Jane T. Perras,2024,RINDLE,,
senior-high-school-research-papers-syntactic-2024.pdf,Senior High School Research Papers: A Syntactic Analysis,Sapphire May Lazarte; Ruva Faye I. Merilles; Jasmine S. Obrero,2024,ABELS,"Elsa B. Regalado, Matl",
senior-high-school-research-papers-syntactic-2024-2.pdf,Senior High School Research Papers: A Syntactic Analysis,Sapphire May Lazarte; Ruva Faye I. Merilles; Jasmine S. Obrero,2024,ABELS,"Elsa B. Regalado, Matl",
some-graph-invariants-middle-graph-generalized-2025.pdf,Some Graph Invariants of the Middle Graph of Generalized Windmill Graphs,Jhon Jhon A. Bagapuro; Lyka R. Layola; Kaye A. Neverio,2025,SOME,Jiel Mark D. Jagmis,
petcare-rayna-animal-care-clinic-information-2024.pdf,PETCARE: RAYNA ANIMAL CARE CLINIC INFORMATION SYSTEM WITH SMS NOTIFICATION AND APPOINTMENT SCHEDULER,Jan Art T. Brazal; Princess Camille O. Febres; Karl Mikel B. Pecson,2024,BSIT,,
lean-ux-implementation-analysis-design-information-2023.pdf,LEAN UX IMPLEMENTATION IN THE ANALYSIS AND DESIGN OF INFORMATION SYSTEM FOR CIVIL REGISTRAR OFFICE IN NABUA,Zyra B. Floriano; Angelou C. Torallo,2023,TEAM,,
effect-extra-curricular-activities-student-s-academic-2023.pdf,THE EFFECT OF EXTRA-CURRICULAR ACTIVITIES ON STUDENT'S ACADEMIC PERFORMANCE OF BSOA,Jhinel N. Mendez; Debbie S. Nabata; Sarah Mae T. Napagal,2023,BSOA,"Jessica C. Marpuri, Mba",
impact-computer-technologies-learning-scheme-bachelor-2023.pdf,THE IMPACT OF COMPUTER TECHNOLOGIES IN LEARNING SCHEME OF BACHELOR OF SCIENCE IN OFFICE ADMINSTRATION STUDENTS IN CAMARINES SUR POLYTECHNIC COLLEGES,"Balaguer, Mary Ann Grace S.; Paz, Erika M.",2023,BSOA,"Marites A. Bermal, Mba",
implementation-dengue-prevention-control-program-barangay-2023.pdf,"THE IMPLEMENTATION OF DENGUE PREVENTION AND CONTROL PROGRAM OF BARANGAY MALAWAG, NABUA, CAMARINES SUR",Krishele Mae C. Aballa; Jomarie C. Beltran; Kyle Josef V. Vargas,2023,BSN,,
nutritional-status-6-12-years-old-children-2023.pdf,"NUTRITIONAL STATUS OF 6-12 YEARS OLD CHILDREN OF SAN JOSE, BAAO, CAMARINES SUR",Jewelle Ann T. Alanis; Julie B. Badiola; Merry Grace N. Largo,2023,BSN,,
involvement-fathers-maternity-care-primigravid-mothers-2023.pdf,"THE INVOLVEMENT OF FATHERS IN MATERNITY CARE OF PRIMIGRAVID MOTHERS IN BUHI, CAMARINES SUR",Roselle Angela B. Audal; Edmund M. Bigata; Jessica Mae E. Pandes,2023,BSN,"Abigail F. Monge, M.A.N",
bjmp-bureau-jail-management-penology-record-2024.pdf,BJMP (BUREAU OF JAIL MANAGEMENT AND PENOLOGY) RECORD MANAGEMENT SYSTEM WITH ELECTRONIC HEAD COUNTING,Angelito M. Arsenal Jr.; Mary Grace R. Dilla; Lawrence G. Ramos,2024,BSIT,,
tourist-behavioral-intention-visit-balerite-resort-2024.pdf,"TOURIST BEHAVIORAL INTENTION TO VISIT BALERITE RESORT IN BUHI, CAMARINES SUR",Maribel L. Dolon; Michelle Loseño; Ma. Theresa Angelica Regalario,2024,BSTM,,
employability-bachelor-library-information-science-graduates-2025.pdf,EMPLOYABILITY OF THE BACHELOR OF LIBRARY AND INFORMATION SCIENCE GRADUATES OF CAMARINES SUR POLYTECHNIC COLLEGES,Kristyl Kate N. Talagtag; Charlene S. Tesorero; Abegael O. Villagracia,2025,BLIS,,
building-proposed-prototype-using-design-thinking-towards-2023.pdf,BUILDING A PROPOSED PROTOTYPE USING DESIGN-THINKING: TOWARDS ENHANCING THE REGISTRATION PROCESS OF 4PS,Anne-Geline H. Acbang; Juvy S. Pacio; Joan A. Silava,2023,BSIS,,
perception-bsoa-students-effectiveness-face-to-face-classes-2022.pdf,THE PERCEPTION OF BSOA STUDENTS ON THE EFFECTIVENESS OF FACE-TO-FACE CLASSES AS A LEARNING MODALITY,"Abaño, Norielyn S.; Biares, Karen Joy B.; Filio, Mary Jhan Y.; Orcine, Julie Fel A.; Penetrante, Rosemarie B.",2022,BSOA,,
nick-s-2big-android-based-water-2023.pdf,NICK’S 2BIG: AN ANDROID BASED WATER REFILLING STATION MANAGEMENT APPLICATION,Kian Kerby Adrisola; Jorel I. Agustin; Ma. Trisha Mae Babia,2023,BSIT,,
community-based-tourism-sustainable-tourism-support-bula-2024.pdf,"COMMUNITY-BASED TOURISM SUSTAINABLE TOURISM SUPPORT IN BULA, CAMARINES SUR","Serdeño, Maria Cindy; Trinidad, Vlue Moore H.",2024,BSTM,,
wrapped-aqua-clam-2024.pdf,WRAPPED AQUA CLAM,Shaira Grace P. Llagas; Ruth Ann M. Abion; Eunice Asley P. Garay; Lemuel Dave M. Resurreccion; Melquisedec R. Orbe,2024,BSENTREP,"April Mae L. Bantog,Maie",
impact-faith-healers-health-seeking-behaviors-2023.pdf,"IMPACT OF FAITH HEALERS ON HEALTH SEEKING BEHAVIORS OF RESIDENTS IN STO. DOMINGO, NABUA CAMARINES SUR",Alethea D. Legardo; Allysa Mae P. Paldo; Princess G. Villareal,2023,BSN,,
exploring-politeness-strategies-homily-pragmatic-analysis-2024.pdf,EXPLORING POLITENESS STRATEGIES IN HOMILY: A PRAGMATIC ANALYSIS OF PEÑAFRANCIA FEAST MASS,Krizel N. Sirios; Jian R. Deluana; Criselle Mae M. Muit,2024,ABELS,"Dan Fereth B. Fajardo, MAEd",
